Nitrogen,phosphorus,potassium,temperature,humidity,ph,rainfall,label
101.23620356542088,59.01428612819832,61.95981825434215,23.38792635777333,53.900466011060914,6.018392328470684,54.06585285177396,maize
115.98528437324805,52.022300234864176,61.242177333881365,18.185260448662223,74.24774630404985,6.96541969712059,64.86373774747933,maize
95.45474901621301,43.66809019706868,49.12726728878613,22.72280788469014,60.7986254660529,6.2077207962772585,92.82970263056657,maize
94.18481581956125,45.84289297070436,50.99085529881075,22.104629857953324,69.62939903482534,6.079543295021703,85.9964106889528,maize
107.77243706586128,40.92900825439995,58.226345557043146,19.534717113185625,51.62628982463199,7.128439752154667,117.59424231521916,maize
114.25192044349383,46.09227538346741,42.93016342019152,24.15809723860941,61.00381234349003,5.9708535287826905,84.6623837077889,maize
91.03165563345655,58.186408041575646,47.763399448000506,23.962700559185837,57.792776902235275,6.528095229648935,88.26971955402958,maize
95.5456336657658,59.39169255529117,63.253984700833435,26.455490474077703,72.37068376069122,6.637059970335519,114.53119645161817,maize
92.65477506155759,43.919657248382904,41.35681866731614,20.92797297686938,59.71693224223705,6.179888644483454,108.01162564063506,maize
100.70259980080768,45.61869019374762,56.28088249474746,19.268318024772864,70.054924518851,5.904370901151679,119.08208556203621,maize
113.16734307889972,43.97431363068345,40.16566351370807,25.339152856093506,67.67143359619043,6.820610035257382,103.9889242680162,maize
92.22133955202271,47.169314570885454,43.47607178575389,25.767930832880342,65.58245317068895,6.263257234793709,54.44908452002166,maize
99.32946965146986,46.50366644053494,61.888185350141924,23.738017242196918,72.18031856440817,6.461100895226729,58.37159721568112,maize
111.39734361668985,55.21570097233795,56.83831592708489,24.93870461959105,62.34488990910977,6.531825961134792,79.92787128509848,maize
90.76257380232286,42.15782853986609,40.94287557060203,23.727693701374022,57.85889952690817,6.511998967630584,113.5296531748265,maize
97.47876687446625,48.207658460712594,62.66653415629146,20.0591834894246,51.924497745719826,6.205652034079275,61.285490107780305,maize
117.8909295702772,56.16240759128834,59.002112695312704,25.84314531168946,70.09180192247786,6.06119808244045,112.47912989429844,maize
106.18026725746952,56.14880310328125,66.88273899770479,20.862031274746776,52.75129811319192,6.1191092275587184,79.89754520383795,maize
114.54044297767479,57.21461166512687,40.20856391593572,22.59672572319809,60.43527507871947,6.110950934659022,58.3905757133578,maize
100.12845514210883,58.858194078250385,49.696087960622656,22.669115595690293,67.57547397237944,6.309081443331012,118.02474579046725,maize
118.87341884826334,45.035645916507285,54.91745517677156,20.707904788350927,57.12101235943669,5.851641726296346,92.66950337859278,maize
105.08037069686584,41.02957502499979,48.359393927098346,26.17439297369988,55.98904726667431,6.002852820927712,84.26169321942942,maize
119.56951362331802,44.84110543023001,60.16406642217636,24.854576537958458,55.94093859980999,6.819502888056603,75.74481929034772,maize
108.96917491780738,52.670594215217896,56.073240522242756,18.812607930489676,70.88256238973095,6.24909209096043,63.0562957279898,maize
91.22325424664292,51.81785886376484,60.32693085526847,18.149290460350706,62.802326457482025,6.117094085277113,95.1620953286615,maize
95.23099287014975,53.81875476204932,51.602060389016124,26.43056989863061,53.43802360364983,6.277492891470362,57.943146486841236,maize
117.74080854835688,57.54678706761962,47.73824883145467,23.939856414307613,70.4305550050304,6.577281136239248,87.07554048492045,maize
97.25556872701355,41.862055356117985,66.91647273859981,26.103762514469974,65.8275364318317,6.274641707468181,74.44467022288626,maize
111.77867036610718,57.94220519905154,66.61259272795351,25.018879912718614,66.05079115385719,5.917795950993068,61.31400998662296,maize
116.95662565581237,52.1285811931918,40.27591154849889,18.913243885794287,66.5875442277014,5.807086217384706,61.256563599224904,maize
106.46201368099759,53.83790395385387,59.55883778507801,20.01842378514504,67.8044805336884,6.13214872249552,72.77797887114875,maize
112.39474215354073,52.992657980944294,65.47670231482533,23.91851603070309,64.20771508338679,5.931144674959329,75.74010621416035,maize
97.95607103045177,44.87979286758167,69.19031664257336,21.537879522000843,72.30116387942783,6.683594076396168,105.6367912479154,maize
105.07911279315576,51.53807769252718,54.77553081456592,19.7571868901824,68.06130288153763,6.193081307417198,51.70211765020177,maize
109.36416887721504,43.54221358814098,68.21375753058743,26.585357193023285,72.87160975551122,6.318222180357622,51.08196315702072,maize
117.84955687763176,48.563682966346285,68.99964457131009,26.672579793803276,71.325236386684,6.21222844889742,76.95684100213477,maize
115.5341001455057,46.33844010312555,45.084782400582775,23.011211362125152,73.40386935401952,6.774441715344962,89.90428190625555,maize
92.91529481312305,52.3001445339834,69.7016155031279,19.260756137128716,62.95824130909342,7.028322300699138,101.85380324279431,maize
110.91047222985804,54.049681679742186,50.78473453659265,20.64232659838044,70.23402888696285,6.934158752550854,110.69506230060726,maize
117.39721657669413,50.22684797721875,55.04548884061599,25.184656610700976,66.24909826944413,6.782753628160785,105.70548686052707,maize
116.70016025452699,46.75990313703072,51.26748857919832,18.84583745856782,64.45700352490435,5.850319183315439,82.59186126927221,maize
106.2793390412273,45.73082504256569,57.724997817070324,18.274502249451444,50.93370471873036,6.951640784923522,75.2133448987884,maize
93.81181537955655,50.444865201096086,63.09980659295832,19.94238924747159,65.57226189547501,5.9194864509912755,53.617720481802536,maize
105.94063894704443,50.81270243220213,59.1228970449462,24.534822003503955,74.39630198656337,6.522820487621673,72.60695310588721,maize
113.8555858430611,45.416645025241486,53.16914262116909,18.706107432080394,50.633768585386434,7.147707780549095,108.51860843585442,maize
110.87922618281094,48.1790588882854,45.19882960212537,19.407933384039776,56.256072454114886,6.568917330588569,100.02171458900436,maize
109.80592130153194,45.598677938918854,68.64595841989582,24.641072250261917,63.85885131278502,6.656409044728093,79.3720043699453,maize
97.43192968503473,47.11945357302523,62.735383313931074,18.129541397667804,52.9018160126729,5.864403698830453,52.85101616232791,maize
115.66381752033021,54.07315718760047,54.22521487261976,18.880507445859013,62.29039687792081,6.462860479092792,62.124130893701064,maize
103.01554947713919,47.970094687947466,58.47550294156649,23.715842857808795,51.132600244301116,6.3244576604770595,93.81019409999655,maize
105.09408775740263,57.12979682376644,59.760808948568354,19.46640984373287,51.764218685010746,6.699386989488842,51.85579173791353,maize
107.5732674382039,58.80460482849915,57.26422533627637,21.493529335858696,66.08220546105883,6.441554046688124,88.19317525211545,maize
118.24394426329576,47.722052756015486,68.83571691471742,26.148155777604572,54.89477836973241,5.897105821225232,57.05446009641987,maize
90.54665476954649,41.888859215118565,60.490203202490704,18.64069783614206,57.97439075734403,6.9828254353572365,51.62903550150781,maize
114.43405447766807,45.637095495467996,43.54494482864969,24.270634488277356,65.7235711694971,7.028460818937875,101.454973066272,maize
114.10442791154546,45.64069145142613,45.32318631339169,24.755532764767725,70.1708684816816,7.186707198800943,78.88323738379985,maize
101.16054257378349,55.528259214839935,50.22410620759054,26.37681593043208,71.4603187960753,6.400591638325025,102.56097474540482,maize
112.63628622254046,42.062477376718654,67.076587200387,22.547271352030712,70.66143665269354,6.248069441442857,112.68662599473403,maize
101.6760503620249,40.21675302960597,67.16145929257792,18.8215800910752,57.98284093976037,7.130086753871127,116.54250028562893,maize
107.20313664369858,52.63674424339598,53.45336565934959,20.638896945282582,58.2166136342479,6.741525838507854,102.66621706063759,maize
113.74737131177545,55.79236285589108,42.73618309146071,22.449782742323233,51.43896900041611,6.569340435253229,80.90713509613639,maize
116.63112548274898,47.01830025104157,43.512010492828175,19.286925138475524,69.03776579293681,6.665505288642765,57.07858732859532,maize
92.52320418344992,54.0193826291824,42.182890190925804,25.396740533613205,67.65605567891241,5.913888292898659,55.938639985963434,maize
119.59918735503527,47.4854159151224,51.11926441200673,25.315196105317522,73.68121443459647,7.180401489352019,102.73647296812592,maize
101.28778756592747,41.67001433397338,63.3144074778231,23.025638247622247,60.605550231174405,7.06889613913263,57.7838237614306,maize
104.77875312872578,40.22707289534838,54.05981925982379,18.506729481136535,52.9704479067018,5.964536745487947,95.44472114812444,maize
112.3813463779627,51.667375301943196,68.86517645423626,21.373835215713335,57.14280215704652,7.016038779465244,65.65170869636168,maize
118.89667618321835,40.243089493796326,69.09636480122917,18.388439207555184,72.27857784245178,6.5387815527208195,119.50753572835103,maize
92.21389694206196,51.077085688026415,69.07907606857297,22.70788059753134,65.73496595338156,6.774048164578464,81.81787453374412,maize
108.8267424025219,51.686286238462,67.03474031472967,18.40901742307312,57.02407973980576,7.1305760777071825,112.31846487236413,maize
103.6697025835714,52.40265195603074,48.32143548943398,19.693090437513852,61.592460123499556,6.294693119236474,90.85592782956104,maize
92.33203910894954,59.487896153323334,69.58632233438809,24.283455426177706,63.40240915860301,6.2333386628008585,106.96565137948642,maize
110.54193517661638,43.25233878689782,67.32781553481527,25.402835186308522,73.7449978322981,6.816007311743704,92.93906371550528,maize
102.54729108871857,58.65456966708027,65.98191668501225,18.406968030955703,50.6591743624313,6.327048713629269,106.7387331547283,maize
119.61828387944834,43.008337822070565,57.82392146056405,21.428017709679192,74.24785994536508,6.978966492389993,108.68300932977965,maize
104.06079479384911,48.2963900467533,48.20221215792119,18.507379469858343,71.61805940637633,6.938061412782108,119.98023713002914,maize
119.89910511221716,51.10863411205255,63.06962245541531,26.502891568941852,71.24118476693529,6.146287342440477,81.53808947170654,maize
93.87478245454486,59.08102054517445,58.1852390335264,20.057785249531165,66.79251711014642,6.665379536641054,75.07139026229883,maize
93.40672776598888,53.43146391185599,55.6092310271138,24.950865525620756,63.00408752779983,6.993054100445956,88.633478714214,maize
106.82813914606159,57.533072053166904,52.10448598637191,19.206137056055766,50.719566907833475,6.857192157943067,93.42166859474253,maize
111.12239304297671,44.25928323017821,44.09114426760309,18.130901991010937,58.764688970164926,6.625884761596486,77.45708315698127,maize
103.12424766071187,58.08317388987497,50.447664010699015,22.6259054024383,69.59132531852858,6.355159895249778,93.54606901595115,maize
115.87091126240236,58.990412473152844,44.41220442787114,26.33928862645345,62.30290732698845,6.161542143618542,82.1395029366783,maize
119.40097725856431,49.85236187985739,49.86254830862525,23.700607688850532,56.00364046945483,5.90620865935213,59.02158053374545,maize
93.84137516873318,43.03805387024589,44.164815179482304,23.76787270322893,54.54700210997862,6.283934196653409,112.77518869342083,maize
104.21884920788617,53.35115477042054,45.169596136048895,19.73060116927804,51.02171540666197,6.03650908830103,69.5013237322371,maize
95.3103145283024,41.77405067514111,43.61907613301803,22.14700891229453,55.158342960144815,6.309977805467305,85.23920895983998,maize
110.71184485888097,40.78624279682198,63.98231196727128,23.65110350541817,52.043975798721796,7.0230100737494885,114.46106803722692,maize
91.83233879564591,45.537552962944076,64.18603839379185,24.734337213452925,54.61302548390943,6.093089052671394,75.93304719539674,maize
104.53568955573064,52.36509543060592,51.067409187093176,22.16281244519833,68.68677345334392,5.851356484046837,67.67058610408145,maize
111.40048757653658,57.904136753743984,55.35032326346998,22.78902136738784,52.6793002834944,6.426377313552837,87.28320865185162,maize
97.27411510904189,45.38486461898762,51.31852489313868,18.180640779999536,58.05197913957946,6.096027209795162,72.92481465245402,maize
93.59286395457754,57.8105456147979,57.80777360662146,24.111920872300406,69.72928096518345,6.49781907850068,56.084420166119656,maize
106.11319625455644,51.736822360417584,62.3631842255299,21.884935916067114,53.189507569889095,6.197286268118214,75.41576074790446,maize
109.37751723994803,51.41556609337824,50.68290177693539,26.878637239136815,65.14437048392217,6.132117508430392,57.12477308342826,maize
94.58577417552996,44.919154567690164,44.82044119778667,19.67910321646175,57.127379217346174,6.042723033412656,112.77357972384976,maize
92.40701236984927,50.49022779140509,52.31190480968985,26.841407552177458,52.80097255420131,6.3569978386640384,117.86293032927583,maize
115.96521377681941,56.341441418985596,47.7370848113482,19.537988286510593,66.71608049811077,7.10112638477862,88.97340251097509,maize
107.14838068409699,45.599581873205686,63.084787995758106,19.68339373701771,58.09198091010609,6.395611014062983,85.53272650791186,maize
97.27229197245241,42.29673649478407,58.31860127324897,20.597674979162303,64.53095553556531,6.016107801383884,83.67980712983723,maize
30.651788651031715,21.554706104672807,40.098128345817614,16.612976123267693,52.21812396654687,6.9899602323899455,72.89415379898892,soybean
36.1974889170927,27.639219642912916,50.44508166671788,24.122734318676237,70.84735592127456,6.471576188550158,76.47363656589074,soybean
26.977365330859904,47.88587432743478,54.918582233631874,26.58032292799815,54.35040282199407,6.730867475203644,97.53361827284152,soybean
23.6246613233132,21.994888021003327,52.23361947870177,21.893677358158943,79.46400718653952,6.13977237662629,91.81069247439561,soybean
24.032546400954892,24.909678285971136,34.92797393792979,24.774896642776586,73.281902724367,6.523065424769119,74.3532193649401,soybean
37.544010816262166,31.773353222679063,54.497983184147316,20.269618902842623,63.193055029871765,6.462679785669606,72.05511496656568,soybean
34.95218760352502,35.081611702774374,36.96638085440452,25.794894879294823,63.436192748062396,6.543552861113989,96.25888443858187,soybean
32.48475991827984,23.506941221250923,58.19496370840425,22.532496636857015,61.721696512998015,6.139272072663387,91.76100757081184,soybean
32.40145511857027,36.00383275928965,56.816777491528725,24.46316653469437,55.30862079064629,6.311722067795548,69.93956559257863,soybean
34.87892585145354,21.005973042073382,47.0966905461395,24.149504228888286,80.68679728666123,6.342081748715907,92.85029218688052,soybean
22.212634739104146,45.39356875203555,33.824659869959476,19.767447486724407,77.90533780228438,6.149917427348774,69.17005580930567,soybean
34.445051367861325,41.601096096382236,49.23442898655892,23.3273813336052,68.99535551716586,6.251799058906952,73.82783974015678,soybean
23.631954336028514,47.25351684000885,47.50175384298362,19.81021700116368,66.17020312754464,6.947283339611816,66.13405612464321,soybean
31.724596640335946,35.17666036653398,48.343627063039435,15.217322205850087,80.5243368130453,6.9321182824836125,82.60532734356836,soybean
33.93301647753785,47.67498143531887,51.217159029401955,16.830468514971137,70.17009260583846,6.606715046382856,76.96522685209544,soybean
34.728884712494455,48.03101044307044,57.767055387203285,20.410072456849583,53.963331604426436,6.984841198962335,93.55592345783737,soybean
22.493253624065336,47.625256478521166,56.09689086186385,21.226056685512866,70.69464025107253,6.3990027038701305,62.19046555288125,soybean
26.70394483291802,44.085603457940344,30.138960690138084,19.00199006029373,63.935904275683015,6.537395602937923,96.79422465651042,soybean
26.926919887319226,30.40859605688683,52.125037443292456,20.426615290677688,57.86116880289937,6.452439516132693,65.634280815192,soybean
23.527739730124466,34.95103318218439,42.56776348513644,25.9781508128172,62.68378646908216,6.580588350278044,85.29057151678121,soybean
20.261889131766672,39.906121160501314,35.34107900609254,26.532843809633462,55.20319547135895,6.414624123727024,63.413986723145754,soybean
39.93748503691894,35.065850309937275,47.86155051960131,15.80491772866113,76.24861646397122,6.209905593095586,95.92217157762855,soybean
24.102792809640142,25.720631619909998,31.096490035442848,20.664803341319992,69.76943966419157,6.065708639428353,91.02110466780042,soybean
29.065776694960554,35.7317080798274,43.222882408146845,19.80915673050391,69.58741159578763,6.155240245930712,67.27712521981084,soybean
37.235712420270346,48.38346386400898,41.19927948839259,18.248936077722647,72.53998401336555,6.4087341710980965,61.015454226413794,soybean
23.12305194732381,41.47916686542193,49.76771825730454,15.325151910041802,57.76902566765323,6.2310747965880715,86.87570974394913,soybean
20.394210755087283,23.123257459537214,53.99748256119568,17.142535944652003,72.84611377481562,6.238182781046726,63.97765571037381,soybean
24.86344381998908,41.66800795566978,55.67089404318857,24.9626383748039,63.90142353664592,6.668085136570646,68.19937181663283,soybean
25.862954605220267,46.89007455563359,30.390057705322082,16.026102370253618,57.27601893011096,6.02653220387382,67.25741740359189,soybean
31.66083121939384,32.642736517774935,56.780151332309245,24.80932274086129,61.963607309425655,6.259423433431293,75.18769632669068,soybean
31.805898850296153,28.041909224686286,48.72446723547402,19.912939826294885,69.3216513298193,6.436126529135317,71.7786303816767,soybean
38.96906613924313,42.908173824792826,34.203395272993575,25.421615710774955,67.06009193873298,6.894552226894091,91.99421023789262,soybean
28.50427008938467,20.674079249603523,38.060320781548384,21.499610575930404,72.17173769391516,6.257887685433202,65.57424296291296,soybean
36.69860473598598,49.532065421106566,45.770705469080575,17.06015143017964,59.53075642817791,6.018390676547467,96.57195226241996,soybean
22.355021657802823,37.29549426542761,38.22165662061618,21.650136030189522,72.79971359231524,6.8297418037072015,68.25685087042413,soybean
20.21991657316961,24.106568902064218,57.00055925544315,25.486680930750182,70.9094585759608,6.600516860433653,86.60146698185022,soybean
23.507425572468993,47.4323583777488,42.56311574676219,19.59766233899397,68.16211968489931,6.046965966775055,66.65133475024318,soybean
34.760672328527406,22.483960037753793,48.09456328399165,17.94418931617585,63.62534649146918,6.2886937367707,74.22690865859796,soybean
34.380918103684905,28.91365146869525,46.99213920890692,20.712604826389196,73.22849078769269,6.936829739324758,89.30288388841001,soybean
24.298807571815136,20.93549405183854,37.867921328994754,22.140935168403058,51.79990347194876,6.4963662472012365,83.87371395667557,soybean
26.684877816339217,43.12736611237466,33.19794759401316,15.901653380829705,75.48660646712611,6.4954913162061985,87.53609585710944,soybean
28.696546772074925,27.392060997173203,54.57306953022599,24.59299054762775,74.31437647990494,6.272145137229963,83.60922667476348,soybean
27.219477938800537,22.747462199799024,57.51940726386728,16.641823571027537,83.2583073837281,6.446005772957956,67.40531715354479,soybean
30.838018947567164,46.188375076292246,51.96674659228684,24.678733774337395,73.05741783487511,6.692276564517853,93.96782606261277,soybean
24.993360177183717,34.68274890929422,36.636283254588065,26.852016095959762,83.04207688903146,6.0394268113685055,88.22300690062754,soybean
38.50496634831332,25.417260353820005,47.038356916578884,25.9858595710565,51.18810925050296,6.69742026724684,71.89396029490203,soybean
38.48792390753061,49.131747354961036,58.32799467340302,20.690570599889565,80.17149278462597,6.8445493985350705,72.76401892973023,soybean
36.57830948301355,21.110229041464777,47.888096354461595,17.760106047452435,54.21984100220476,6.076953201629209,87.8515510351256,soybean
26.797499275361325,41.74300314586284,31.96069022396827,18.783484053967324,68.8821952331368,6.790723164838964,72.7501001172828,soybean
32.517827528740185,46.57933244708562,48.47589564546914,17.795513697043607,50.85402735447883,6.87009887390093,60.850776434015486,soybean
37.49403345368399,35.868114020816364,58.17203095538689,24.585398829283985,84.92769386866681,6.35071181545171,90.68753155724508,soybean
28.03861827218484,34.396268609117264,48.8251638965511,25.484125370236065,84.44292142197533,6.768273413864518,76.71067128669335,soybean
28.427140045541403,42.12746904766674,37.16331437304907,16.325689357576735,62.41177551742718,6.287238991654082,71.85232481823961,soybean
24.672155020998197,21.262795689090858,30.536218042002414,26.85266867683238,64.97205968075518,6.384326647159682,87.1858913077228,soybean
24.365077757301282,48.49883551850676,53.590350432466565,16.072932027747115,64.61532715247249,6.879118307562164,97.7892808916564,soybean
29.348030224997395,38.40234167632123,35.01101838276226,26.894023513643717,58.10850954842052,6.942731774135126,85.98586595969473,soybean
32.15473589757718,35.38065533049526,36.92009435153276,17.118336384066097,57.71701731745614,6.186438262144255,91.18337894267013,soybean
27.002505183334602,21.73528029690189,59.07307890422434,25.60543061956111,82.47132991183246,6.994907822646435,66.95580996877949,soybean
27.924840378053176,42.74715427112274,50.88061854161377,16.84675087607826,78.55415937467163,6.224440571836661,68.95270459290492,soybean
30.73948845786827,37.78819804525109,47.402586235134336,16.09784204877306,80.71113019206331,6.265600042588706,65.18059685131217,soybean
37.774961597379544,48.6695449468926,55.86382851796352,24.714192896698535,72.93346932236577,6.5508573706091395,63.479470396456406,soybean
28.169064261413972,31.18065551036942,37.79261351280979,23.68104136426302,67.35565072775698,6.081046215907648,68.80732807799245,soybean
33.66517527319192,22.283925784709005,55.53620742146306,20.941758324167694,66.82053020643268,6.5924077846595175,92.98723863700596,soybean
26.95618415804386,40.34048457677191,46.97195891987373,18.204339242033058,80.75204952243053,6.797426021606928,86.33807338633702,soybean
37.011634581884834,46.01882602879407,51.25088930145104,25.044159940364064,74.41150115842493,6.680140771760301,84.74445512860737,soybean
35.054332791152824,24.75815315879221,56.426122775967855,25.462122332942783,51.02365490620957,6.825816750564763,65.1547946989378,soybean
26.70237708518284,42.30524768874823,34.82279688144925,24.815604289428748,79.12469622852097,6.507467733760836,60.25543486867334,soybean
25.740762663498256,38.507807551272265,59.435585340822705,22.58176232420002,59.093125337245596,6.634005703099612,81.59941518863423,soybean
35.596907903022874,23.20941916480875,52.83083707506084,21.495198944113323,83.7047201350648,6.341872166038686,85.30487572535793,soybean
38.64056211020035,23.07529183972038,58.11685461709354,23.254628667609758,52.37429706868102,6.300963566946816,88.32688354581126,soybean
21.347012029375435,37.4651138052882,40.3764917085887,22.450986213209724,51.60097118343795,6.871536806152376,98.93955876709587,soybean
39.377557105713834,42.48955495228774,33.90258720391896,24.09915835114827,50.86054207605805,6.022123551528997,72.94440876598165,soybean
29.772863808093316,43.112222534233794,50.49886129819515,20.350832476520978,59.576933319858306,6.997124500157711,77.04725208943891,soybean
29.02774048659351,24.908714635750076,53.84428646249788,23.324186709377862,57.72693644760661,6.0823810456158425,87.21997208298852,soybean
33.0902242856227,28.197785809946282,58.52590686751231,16.812694701370802,65.13171803649107,6.943615920167598,76.78909267704489,soybean
32.77051895328171,31.927831938883827,38.2264560704601,26.807731775517937,64.32669022102651,6.894099203679135,69.19818423564345,soybean
24.262094080501665,20.93402248653534,49.550004761276554,19.422316124685132,80.2525387443873,6.473209906691557,98.72773711658887,soybean
23.71051031406242,46.05869503866832,53.297905583752254,24.251062135728624,79.56741298409106,6.7610239909429986,85.04881286525662,soybean
22.624897553647752,20.975785384737556,57.6254354344706,22.399803774248856,77.87880518416617,6.48152235151255,64.69232755849578,soybean
22.50371584405101,40.566958616869144,42.90917684698388,17.40629672040404,67.20580913595029,6.064208937075134,83.27885607657595,soybean
25.379868088701954,43.92677301911564,39.31085876770722,20.462641788981614,50.406718896783524,6.072446887794559,75.6997422562674,soybean
29.59877669434247,38.00061644357911,38.7498773612791,23.33978263351851,80.10428390162215,6.77985098889335,61.58475301393429,soybean
29.610138945156578,23.147905352545244,37.26135047587582,26.839951119205757,54.98734400155296,6.498888153451356,84.72622937272476,soybean
34.04929941088208,36.78946050460742,30.29312542257551,18.917535698927903,68.1199075184649,6.087866499144833,74.02507724836723,soybean
20.664062175827333,22.35735491465062,41.90769828604788,16.592589048516725,69.86392968915453,6.689464969137266,92.0234679643633,soybean
24.0030048848962,25.024477467772094,33.13703521003201,22.637162994523642,74.72665042704153,6.031586144825642,97.4484898497476,soybean
21.03942567302945,36.238890059032116,51.27181558352749,25.451629484953028,74.99304262463497,6.801728083069792,73.57800770171224,soybean
36.29650227493025,22.403445391540252,56.84449968181583,21.571108513844834,78.60542194868728,6.4523182845183005,85.743107807861,soybean
30.528053218722263,41.947685652659956,32.44889946091769,15.724225007886766,58.64861319035512,6.159544680113188,94.87134266368807,soybean
24.384279747160885,49.27595767457394,40.10687375313321,17.18541498826439,77.63944774998677,6.658707775500876,79.92782865812556,soybean
31.107271018752627,41.57605334816792,36.853642239938964,26.956006992680905,84.11776067513742,6.650325686346937,67.9816980371658,soybean
33.60456484862583,22.165952269375275,30.919575066174183,18.092194662134563,66.19180348587608,6.86827250540838,89.08676279065233,soybean
34.85413042399962,32.764800033442256,40.378049776408886,19.452465155815233,84.56773473076203,6.0401091914124825,94.68125984489794,soybean
31.57350817144787,33.158462575687714,51.757729812454095,20.840027297096434,80.56981333285812,6.900701864011259,76.86883707493821,soybean
25.536555944701032,37.77050985780087,57.37090036850073,17.527946268068,71.8038304247219,6.6315602200925206,89.32452089661123,soybean
22.631353702545198,41.47474894046266,57.270975619969235,17.156197306442905,58.314016372335715,6.97139509404164,67.23907810837959,soybean
37.08770186739159,34.768335693441045,37.41693223209531,25.448998815270137,65.58568392509329,6.51481735392969,74.36933477599062,soybean
31.85901702869855,24.905716177550683,41.73244609955282,26.63294786802345,59.03467014453946,6.656736664541292,73.00760256898779,soybean
35.46946251373201,23.926209821550493,59.094631352356345,20.445474496603673,58.26176621712624,6.0734967473300125,66.79031620350163,soybean
30.395478971120355,30.11009529293859,54.866500976478285,20.170650283941672,58.704999540567044,6.61714498660403,88.27108867541783,soybean
66.681676316038,35.02857648864953,31.466857077341718,21.04603022598461,59.91413582865415,6.711946313624721,72.20852244845986,wheat
92.22680611800213,47.560630931902566,64.73085122053035,13.087618150551524,43.357588581931836,6.4046244172754845,32.854342804465745,wheat
81.24678112004128,58.098170768848846,31.573741626740386,11.831648710150402,53.565970848503056,7.400812526291857,45.807805248837525,wheat
80.2893923475357,31.247185771511763,35.93372803848355,24.799451844382702,68.95356089308137,6.007409971401614,77.59058927116195,wheat
85.56479751262002,56.03754883560066,48.18959422535436,17.733940428688754,54.6653974077076,7.000296386319157,36.98256273781564,wheat
61.19894359490712,39.23789824773573,58.18723050946587,13.027801781844225,60.202972999747516,7.454868069160906,34.69503578947092,wheat
86.90408472900505,43.312506579137136,64.72569017510021,12.657246841710789,60.778778566784936,7.257172934472165,77.23071097370116,wheat
87.32992113158583,44.91524292025282,54.713889608048554,23.033574767180774,57.118292399164886,6.0455805895452555,76.54743477534889,wheat
87.58107004126245,50.29540157331739,38.62700609590868,19.883282053489857,51.81593216962476,6.976849465562238,35.32965151539953,wheat
86.31381218412145,59.98241177311999,31.92848155442224,24.65761276331976,52.20723882168612,7.3061301755058885,69.11927420291367,wheat
82.68065043946672,52.153476277539795,65.14062245205392,16.062104824765495,49.81099484689716,7.001390078345377,70.39229709706294,wheat
90.49140539106463,53.93440946575903,47.42333259251732,22.267513242625323,43.60627166111826,6.816733646941274,30.287933024906078,wheat
72.98343319601081,40.99384604614194,45.846907664370214,20.432008100347932,51.65674303811037,6.673040433933796,41.87720654371637,wheat
74.9300716651736,36.81808881789455,32.92783695073774,19.05172890072067,60.04638395665049,6.929235519014422,53.17470219002862,wheat
75.19143120716919,55.90000948715476,50.76327140544872,17.187728164445964,40.76926197419307,6.511871741439235,49.00978093929285,wheat
75.95291123587602,47.40517107681997,51.34410186907514,19.11857639190167,62.94649784626385,7.21947860807414,65.90615381132471,wheat
98.22094783819739,30.54697748029085,37.83111942734185,10.113443124672132,59.42424142463809,7.34704582342498,42.174114828814965,wheat
97.08138179185227,31.808021708686827,67.37744107222056,15.274340308594516,43.0426248534765,6.728807638779489,42.8388283860254,wheat
71.39491607847691,39.218698947788596,62.121035913306535,18.087419150128817,49.339230974680106,6.915500674966378,65.80753371115968,wheat
70.90496002934135,42.40647304576055,34.8754437334779,12.717240243020205,60.433535618949485,6.27215752154344,56.258169183353004,wheat
88.3618504688973,33.206307692842316,52.692488785156144,13.848441755520456,68.8878062571274,6.725318470079888,70.2996274887579,wheat
82.00906168625048,31.302375985644574,55.326055023760894,24.271050133099855,58.048354604389935,7.2287832891401855,74.2103231674204,wheat
69.1231908779573,36.3613451972468,54.43923955403967,16.16542704710057,65.19583908600161,7.350034685097016,47.6710689651359,wheat
69.47482235897928,53.41576545731586,40.99224142192544,22.339214777705173,52.71214760946289,7.001324848937205,34.77676569173341,wheat
84.95437298706292,43.55303036211687,53.46433852701897,12.52021311617295,62.106212348325464,7.294195616314843,40.836990004538784,wheat
63.82858222080647,30.70915758139009,55.67886001773064,19.106410541331712,56.4009223814221,6.347920644173963,49.54529979527574,wheat
83.77905340744692,44.90300576577508,69.51142080859549,12.046596288350997,60.85433662142781,6.606478152156438,51.40998074628074,wheat
88.70391062632706,50.77308453973109,69.65023974808753,11.925914341811879,43.12328948152499,7.086508225693112,58.919345850320454,wheat
70.96642666239224,32.3825810696696,33.42632998385722,23.412863119961774,45.756019741562284,6.485057343173281,41.3328201113494,wheat
74.1998522332775,32.0827152823828,50.76239163633082,11.014188453883223,64.01069523467085,6.350568122865649,57.00059573022553,wheat
95.20316350245832,49.52632107141582,51.318311462053416,14.865006296730634,49.990057391745935,7.004230432797286,79.70696806105838,wheat
86.47356759397515,46.733502521100746,59.22602040956984,16.97808418425577,41.80427027802356,6.843445223816865,77.881264225269,wheat
67.01211769430638,50.70014672461997,38.037347546362255,18.03741526709622,42.90029348940159,6.675556404387278,67.8081664447623,wheat
73.90286096955928,49.94735173461654,61.81799843158917,23.90766729219179,47.039262455663604,6.5989738737139625,37.62080066652087,wheat
99.69934008633501,57.81002903772886,51.59828521122238,22.63049941564632,55.628739318161266,6.9353785320041395,34.456221605800835,wheat
90.21081681987232,33.831404509057045,63.04270521010113,21.73042131505579,61.26234093228929,6.054240570787143,45.15641779726643,wheat
70.52450279643372,40.80409222414557,33.505709870553545,24.05436734546594,56.614067221371286,6.458286465987035,49.84907585371417,wheat
77.88810162019342,48.01783000081852,50.62717710785991,23.79087959821626,54.90890448717491,7.488237022234969,72.57124788725478,wheat
68.34042057429343,57.91785643931749,34.65465591541904,22.261745627367873,51.41869880429741,7.316961480667604,73.40283450537251,wheat
92.23701600470486,53.70091308921184,42.18716556392163,11.213789245768783,52.08940536295484,6.260286772479763,64.74755444512309,wheat
73.84398906151142,59.26830602579744,55.63888309381328,22.337208454515412,43.97574018225545,7.293021723408934,76.13785952566971,wheat
79.48247675275744,48.18758813252933,60.59239203611982,12.622579408906187,55.07698229390327,6.59799454165847,37.31869960811245,wheat
74.70137689166125,32.04516928156481,31.03247627797948,12.027494337322342,68.89345334767522,6.8242943038425254,78.291108057661,wheat
77.29991513320527,39.35448399255779,50.245674513609764,16.59267532949365,43.16994052785232,6.9612394720353095,40.80190912547998,wheat
84.78351819591319,49.506032771944604,36.08099412514592,10.920244406660021,63.422847582053194,6.68970063565398,32.90818977527379,wheat
99.79465268679068,31.733416829891,57.801409154342124,24.755183878951204,47.17540312647777,6.213374053030794,36.069246971121444,wheat
72.13100590270382,33.0313743303194,57.68645366776528,10.93437697195094,55.28266384449369,7.495045280779465,70.69851347530094,wheat
84.60877752924043,39.18760862359835,54.95583345166554,17.905621958674775,52.78250151671114,6.196065565110299,74.33021076202334,wheat
77.99138595285291,35.83867535462295,44.71037403509158,16.211946287933905,64.82613686700623,7.100421570842103,68.46524468206698,wheat
60.44125057714589,42.48461994539284,49.25376606541295,10.28788415234585,47.79439626235103,7.140434734683202,36.855485286449955,wheat
81.41240525810366,36.45605616051712,30.484830985755732,13.618021863993121,69.2762126473016,7.202305667824485,77.97883221605167,wheat
79.5141617570545,33.2920859603251,51.91837955894772,16.815660018399413,65.33071248218847,6.147123871176367,54.412056851088906,wheat
66.00194658775936,39.7402778067018,59.49428309551199,17.1402719405315,51.27664855437308,6.591714417855053,52.97233842029933,wheat
91.40066175348227,56.76254066820703,68.21338746015712,21.803550793829427,49.46220687244038,7.032202059129814,51.8801562027696,wheat
70.18682488184204,55.22614738277768,31.537053958493,23.52642988203135,53.84432393874202,6.955802215212421,62.96769611028913,wheat
95.80470962826146,49.10009046501622,54.55734339040247,10.999780608410349,55.552240658356126,6.225253501225563,66.87168843607428,wheat
80.48887683250697,50.4068333762506,31.66691602409537,11.271880240687048,61.48970164188047,6.10812650399801,33.56283638826293,wheat
60.4843390093955,58.695041948984404,59.50033437836028,15.298771127530962,48.89606743862966,6.524554844618774,68.73267655905909,wheat
86.45482444281657,35.55586703602404,36.964373413363376,11.47593474570096,59.80908159104014,7.146558993332604,43.2523214162502,wheat
60.837798441236515,32.46515002429282,68.71440139380121,14.431671662161303,63.076694435144006,6.936995353281396,49.09698198264479,wheat
68.22749048782221,33.64159254478219,54.600518721554664,21.61950670956682,59.317127606233925,6.795453199873737,32.097561171581816,wheat
98.73955110377536,53.961425749637236,41.71288146803859,24.69955494038276,58.056447689089666,6.873633987310869,67.4036589714766,wheat
92.4707915236055,49.69435821994508,35.123829854648,15.074012589917476,67.8425092097815,6.336923417765778,48.60835119187567,wheat
77.28307531776784,43.18214969083357,54.51758329978102,24.146137566170616,47.220781354975145,6.182252064451377,39.873524492996864,wheat
95.47699600837078,49.37432437965618,41.4362715695664,22.23920408452926,65.84109989090308,7.269771508035417,75.94632668197772,wheat
70.08964080693447,52.65125786238835,48.4215798909656,22.629978293350923,61.85472031484839,7.164671169749587,62.808091884053574,wheat
67.09715077878828,46.350807566908145,69.38678958098032,24.060820997456783,41.29521207391035,6.2472222235941555,36.58643867272809,wheat
89.03919639941182,54.53355989570835,38.540454652426874,17.587790394277434,65.221090840336,7.099202317149376,57.111860274592416,wheat
83.61390761835091,45.2508164074884,41.901938052752826,18.47532989288524,60.666559061502724,7.309984373791211,61.814567698962406,wheat
90.44486148172632,34.80214904863719,48.462298976791594,10.139974297406399,47.40036593564869,7.089692572669508,79.59049756746816,wheat
63.967123983488634,42.04482947583865,62.00283874796638,13.060534519433482,56.652548479068585,7.099606944044512,60.79927251300895,wheat
67.52098938461664,40.661537060572186,61.35167137941589,18.31339771198025,40.15688840628738,7.141486140042141,31.765567747011954,wheat
89.82935130924929,36.074416804957124,68.32293920477521,15.519111269531267,49.80794849014237,6.223332075498667,45.28021077451074,wheat
95.06603047312802,59.890030128817415,44.732381220273936,16.729159464318137,61.66212814608211,7.329293670697612,59.65221670933921,wheat
75.66102792711317,42.378655225458715,57.824725859872274,10.04827395406418,58.587680123795224,6.533239515662036,69.7098665638542,wheat
63.71962559292528,47.646068008451714,49.23891559544495,19.63488288857841,41.94560783448905,6.869975681142197,58.07422939797618,wheat
82.42640377664684,48.104629997893646,57.05871748905449,22.074834995211546,48.094621603846434,7.2375741152700925,54.91278411317268,wheat
63.08233116537325,31.756527877319375,43.36953274784243,21.773454656672016,61.23042804222747,7.182922447008609,55.86345282208047,wheat
77.60795991821962,34.42357580118852,43.12771014437246,16.510290492608128,42.65801289038852,6.330917929066817,59.911264703186944,wheat
89.42652456956759,59.95042534178849,67.32453325374232,19.638477993027873,52.637441598822164,6.954266047062349,69.2825809040116,wheat
64.7334476369355,42.297146690888646,63.59209142542469,15.75749427899566,57.156168136815594,6.881654041293297,39.22381265668197,wheat
74.48941766609154,40.03533866225796,31.04786834128259,10.362876458370328,64.9509113102732,6.409606214959219,55.90393831194077,wheat
71.94902294355091,58.220377353460215,40.37187035463095,16.444852191084024,66.18190751453805,7.262900350187713,39.305070892313864,wheat
92.10573239182841,43.74560660213678,49.31875488341421,12.002199586239158,42.41804541271374,7.091908960460648,54.82305761776499,wheat
77.47402810460719,51.8852468595719,60.62051595964439,12.383622515040305,58.30675448432924,6.203031123416528,67.56875430145229,wheat
86.27820625068559,58.69843863250374,32.75832065425685,10.855820817268814,48.465612240796005,6.392558525603859,42.348939953599995,wheat
96.25018322084146,37.48638599548518,40.87798904514524,21.390973936269454,53.4921952735162,7.165065835432772,33.26830787821926,wheat
79.50284774693537,31.008408005498477,32.50612813821418,23.596561800166164,44.17736113352785,6.798631023412826,50.554780130035326,wheat
73.8937330503537,56.99500037061817,30.87293587101958,19.956845292633837,68.9018330264065,6.840252275192763,76.84112310165459,wheat
62.09031517144095,42.56379957222484,40.406311638482045,20.962314474710947,69.4389127149174,6.384795093666372,62.70873007370373,wheat
67.9239053103896,46.9599076371483,48.55729946753345,24.580079944473056,58.255818180893996,6.524259558130228,35.704789244396665,wheat
66.04987314939738,36.75950789853705,40.038666453611924,22.759240867617066,56.83668364847575,6.78508636706155,35.73844359346087,wheat
94.4055877339774,51.68442909625451,32.706734476000065,20.61752645844653,56.306146520279384,6.122588018620167,52.91503207643282,wheat
79.38785148520188,34.97323620489827,67.82792588001129,22.74963057220993,60.07067011987325,6.6934433415009105,50.58827707922542,wheat
86.03893868603816,46.36295608220716,32.49092423527542,17.687539731554978,64.19210851698519,6.688859816395437,32.59782887771342,wheat
91.45112797536132,36.04091346407923,40.34483339552155,12.470595301484439,49.90645194614493,7.135127258532952,55.969292975196865,wheat
68.19525096602851,56.33490234456123,65.18327419806117,23.058676375690105,47.16388634144618,6.676859016271482,79.24948280704376,wheat
90.88049905239961,30.815022636766795,32.60818365041968,16.95897065218499,67.27660617584681,6.808052696929071,54.890625401714516,wheat
64.21894799826522,49.70340314172882,62.88412642400902,15.706300112613434,63.26835552775982,7.446714980851217,40.188322956384454,wheat
80.93318524778965,38.614138742537264,61.71417676135357,18.663900488217365,59.03747252650911,7.1968712394238405,49.79852363312274,wheat
86.60360273628173,61.3211546898456,66.31819291341392,21.958991181688024,75.86522700876509,6.816761677067527,84.28717027995012,alfalfa
86.24573019063065,51.076179495112356,99.34085890860888,16.407115280487584,64.0403133680498,6.684224839238026,85.75958840031481,alfalfa
76.17170209299847,46.08417132889092,77.61293673473396,21.152980250698022,61.66928169978767,7.3824163684073385,82.14414141766142,alfalfa
70.20827094306553,78.68506461036682,76.71043917100398,24.841103190364976,73.35839997607255,7.134671273253941,56.6381958118314,alfalfa
85.27711033218576,57.099587516824606,66.48933623129918,15.12607519975759,71.19511367276765,7.027399622122676,78.77414489476635,alfalfa
85.61032212071208,43.17626338572118,89.2598596136145,16.87411944097582,77.16354106314327,7.319063513861656,71.63175019942177,alfalfa
78.40971194493247,52.574004527349935,78.84671595731258,23.216368977104715,69.18530394346428,6.8577982653254415,69.768497890012,alfalfa
83.12997009748874,53.40832189483491,66.95046372542976,22.120140203307805,76.51956425416164,6.6006374785235336,59.59496451023779,alfalfa
55.678879590439756,53.91765646328666,78.01403915621651,22.488263369633064,73.02295169763349,7.1209285674784315,64.09499786438617,alfalfa
83.6579021233904,58.85148669592658,99.16419752060618,21.341421382957368,62.525294831290054,7.176177562075434,63.00416061726796,alfalfa
77.4530878674439,42.78564592649623,66.99525748703837,23.557372589057863,64.5435911404703,7.33704112524294,61.17104353817642,alfalfa
75.71527640234831,67.76602294039324,80.50619012580212,18.053106766967314,64.25288752742192,6.533189354562426,62.157856049628954,alfalfa
76.12651162125132,77.53219273793931,94.84817929052208,22.660647765353026,75.76894686506597,7.164984903475995,60.411474302640116,alfalfa
86.28780122823319,66.82929247623336,82.4176252392176,16.109894692134812,68.9411108761285,6.960358271201926,84.5825443809068,alfalfa
71.86592880751154,55.216021958816384,99.07201314042638,16.107205933263156,68.45096856623888,6.5420246751714055,79.59616483067721,alfalfa
86.72306208796603,51.201493182019576,94.33366707196484,17.92218230461898,78.2154032328783,7.2539619035967835,82.19627107365754,alfalfa
50.72026222401818,78.51241428296103,89.06683968281293,18.047510953861334,76.58789329717695,6.78152119841493,84.91015358264511,alfalfa
54.50321561647748,68.14743909843183,81.62793906579641,15.965344701954407,64.83787656517678,6.512404036277315,68.75071861858024,alfalfa
62.05061043040001,63.934299371910356,71.88951230834469,17.99919111506985,74.86386397463207,6.548142835978354,86.11579980767948,alfalfa
84.09055497564725,66.71218732905626,83.72886280429537,23.923024981396523,63.70660359057429,6.578969162190829,59.580406796381524,alfalfa
81.78313114800761,41.38681066905933,83.31227340333959,24.9543751619131,77.1139218767508,7.021445689043589,52.54563637146569,alfalfa
83.25494057542839,63.95914032708842,64.59731988238268,15.938572848233562,78.19253638873185,7.169200262938078,83.17147197267022,alfalfa
85.15915601129069,62.87089408193289,80.69785407020166,19.304274103209902,66.33893175582239,6.9345959608587115,80.95518622920625,alfalfa
74.07693724060526,75.70093159819385,77.73520057516751,21.07089578718754,72.62615106183978,7.091697162306326,78.10535092342064,alfalfa
59.497338734992255,60.494551101831625,64.16899211233391,18.845113276448124,69.75334137242528,7.152224259545473,88.02124210344815,alfalfa
74.02604266193424,69.74375664706238,80.25064237980811,21.341040313763315,61.41864432267547,6.754391580841847,64.47412372820554,alfalfa
68.89973420026054,41.825949820095346,65.6009639021327,17.76814307791306,79.43065381802101,6.831347007103051,69.2816423244833,alfalfa
57.843908509535716,64.43120284303073,71.22732862063897,17.069925784384267,70.33145256891959,6.505505799160421,50.30656130596901,alfalfa
58.76275236407431,41.46885450003285,64.32103016522765,18.388606493387517,76.05171359159625,7.072048643369301,70.50670903825666,alfalfa
61.73955292832487,77.27014877731266,75.88060164948766,15.870927667957716,72.34133032235603,6.613838393476602,63.80892571206768,alfalfa
70.29647754871235,74.96890098740704,79.74186321360474,22.022587660316642,79.8563367799814,6.6314891198979815,60.98926102078078,alfalfa
65.78304302390586,56.873127141553255,76.44084301062183,24.076110025565548,74.28065288933713,7.107905214090704,62.374908714511285,alfalfa
82.95161536885179,78.20242045939955,92.84793130200906,15.015651051914729,72.72802740366814,6.5511353814421005,60.304288813348876,alfalfa
52.380988013910866,64.15181811797551,87.46359653970427,16.144876380659053,67.67677766089959,6.956236508955542,64.76212087043666,alfalfa
54.84100001940772,56.75791160749902,90.04712191233672,15.710076645332554,61.603600281638066,6.854771291835984,87.669028464757,alfalfa
76.74290586891657,67.1467982669026,74.4767996335146,20.936607912085385,60.202623680554865,7.136096046409542,86.53147790304948,alfalfa
74.50293873379277,74.9479437386538,88.95892221864375,16.205584164036903,78.04906614571684,6.566443844355775,71.35869890191054,alfalfa
55.6854849517383,40.468264429236164,76.88137040510556,17.950407076541563,69.72000987595206,7.077199886734551,51.74956289235789,alfalfa
54.920131804949825,62.34569585801701,73.72669412690632,22.29173487549448,73.04583297183879,7.345604362989906,77.69971306676901,alfalfa
67.19724309560593,66.9186648957773,71.01524697021674,18.063134987782128,75.77970319841586,6.9464195164015825,81.9352136207341,alfalfa
82.89689494673114,74.30249350645136,96.66540943364829,19.309852205132962,66.37733636642278,7.082198746594114,64.84689693750511,alfalfa
74.04296667200931,68.22343450575298,87.53620073968548,18.745528870201213,63.337204033975055,6.9305293384622075,55.70376576327635,alfalfa
85.60388140735233,53.8350984295143,66.17838988893295,15.254477599057509,72.91644772572968,7.1369023174547435,63.62416666325167,alfalfa
52.86847555390604,56.38515579580928,72.44869980253574,21.771206397350092,72.11558498905381,6.86459372819754,58.715702170199606,alfalfa
89.52143864622367,58.160064847844595,87.53096943120948,16.405529675783608,69.71179399318795,6.527536719869466,70.218204716418,alfalfa
88.56069628470809,55.36826851943201,61.559840502996465,15.309557909193435,67.75973519893739,6.660024936463194,50.93408385312743,alfalfa
80.24854455800707,58.34092035527563,71.56979087890618,24.000831830164806,62.322779204010516,7.455918828955319,62.55866869509411,alfalfa
85.53614689234725,64.11771505917847,93.0682943896595,24.840131632104644,65.76810875637491,7.461135485407593,65.57927579609681,alfalfa
65.42047618947689,53.615484170180224,81.6563042939034,16.54145043178487,71.07422970716023,7.041704812410004,80.4760725041948,alfalfa
83.34599847750343,57.61765401249696,72.09332997405974,17.593348973170944,63.892476734097436,6.557647582199025,63.69791915338853,alfalfa
60.80990768523133,78.65669543465629,82.30835305000176,18.472770390305076,71.60935201987392,6.639196701345695,67.76174996808811,alfalfa
75.04937285684255,59.55591327169806,76.07115202617297,24.938483888996984,77.60629524297855,7.12340595815944,72.77509444729131,alfalfa
74.82641919298337,48.052484312897334,75.80550973057274,15.394595328908993,69.51092074973653,7.0430245839576635,59.10998944412839,alfalfa
88.56115388662056,76.37818443748968,88.88572941823624,20.333866287653628,77.3993831929537,6.630652343823463,81.6203917709954,alfalfa
54.99283255867393,71.76842650197622,71.03070273005427,23.770905810181887,78.88084187650796,6.648795969405116,68.50702420261574,alfalfa
89.2394951265074,59.33629743892587,94.54190090058181,20.887315221313198,67.50659815839204,6.78578355552587,58.12892364344349,alfalfa
80.47192765510789,55.46162027292112,80.45101848803004,19.92325480001182,71.54558058466263,7.3655771456245525,89.22957374333717,alfalfa
66.30336834295268,73.10075688425212,90.5811117861887,20.73528951455573,79.12094287223866,6.700474515528403,54.370568412384856,alfalfa
84.15847867821688,57.56599266534993,93.87875416828243,23.93090205195415,61.24915187238143,7.383464762986061,67.93276221477689,alfalfa
70.41729956016928,65.06370044372841,97.05530426920348,15.191160944297641,69.53686936635634,7.18772204243056,78.90827830792914,alfalfa
77.70129726148431,45.37740517632487,71.97582353486725,18.587155254170135,76.0887441535901,6.778759872414553,58.42819855468812,alfalfa
88.29792076152384,40.354531404538754,99.91283422727912,21.768212988573957,76.56938598898233,6.794619396346193,50.5726111066824,alfalfa
79.5147807424612,73.36578388002704,89.61904527814076,16.428502873008387,75.06855844513939,7.268922782107641,76.3416206268022,alfalfa
80.64463731182344,73.83685758710928,84.54416456949834,15.88604713969679,69.75255619334422,6.577649334671605,66.30172124129723,alfalfa
66.28425956502511,42.640393765609666,73.95282135877918,16.109980987913147,76.16470420018445,7.447688025964471,52.892659010317544,alfalfa
88.20460829166805,60.903063973469806,71.98262711815495,15.768620752761635,70.01248536140835,7.294515544490749,78.28345909066792,alfalfa
52.00904045855895,42.91607341471614,76.11493130530548,17.95290494047943,64.64768646112095,6.781004498908714,82.13930973187539,alfalfa
87.16912214527416,56.20410778110266,96.24444008529989,18.21495701247882,69.52873972687583,6.726028997816,75.61904168703376,alfalfa
89.15924460699236,64.13972384173515,74.31256336454196,21.478174459905283,62.45841356930775,7.388659080265398,70.12335803119345,alfalfa
67.97398968158568,63.434591538140765,84.9913545115761,15.71775806226513,73.65234442446805,6.741931680315529,78.55810530026359,alfalfa
82.90139177536787,72.15834030210081,82.10003869631556,20.20169892310751,62.857519226788234,7.275346150403136,60.856375217868575,alfalfa
69.86781691271787,51.370963717100665,65.35313451998772,21.295576968917366,61.086640696458076,7.2486452341262,62.70347181044467,alfalfa
50.005387720179414,60.44516556948919,61.87407634110413,17.761695578208993,74.13952974911433,6.562689621621866,83.5735396942401,alfalfa
50.152796906343326,49.87295476807609,89.63616224608286,18.162701497293067,62.03784776132027,6.860233918800428,60.81573145538102,alfalfa
83.7084760864222,52.53391670340572,91.55729887104029,23.91872144810735,68.6763483915306,7.409943143854392,65.09272215852772,alfalfa
88.56313665960433,43.57158098102292,87.4807706601297,19.93814040456929,67.75297610911294,7.132711878748601,78.15428366537324,alfalfa
50.17453078601236,46.67812354988795,88.52184202537275,21.663854135782064,79.32095010257355,7.261037790250783,88.03090830925352,alfalfa
78.10162006139228,51.92208834557773,64.21459689003426,22.818238633449354,72.88298442951832,6.5481860123932965,64.40201863603913,alfalfa
88.27199261937145,60.01604582840805,77.30916544078818,19.57699605159294,64.17765448010327,6.868707170864795,64.79253023948706,alfalfa
52.09420080749889,70.70270514071673,76.66017727615517,23.221798868164235,77.0069600223979,6.711994054698658,76.29413928680515,alfalfa
68.89127216651927,75.20626951685941,68.62962716705816,21.778132003100442,72.15504244505445,6.795301477571833,55.46403614604691,alfalfa
76.06559041909107,69.54389832529323,72.625093750534,21.448326040223137,67.90261815223006,7.213206883282618,57.96861099576213,alfalfa
85.60860010544698,51.49638385862319,74.71143951024612,15.580919520803498,62.23024424642553,7.015861902712328,60.70370706911886,alfalfa
83.41920902968778,40.587735546198154,75.16376194687744,18.373455467690928,60.38655261835202,6.62436839900051,66.54570699674541,alfalfa
69.71458337789787,56.17158989019477,81.23750713648376,20.951316749056815,60.19847642255671,6.964095159453504,88.53996963550352,alfalfa
70.76129120518195,67.10169069835813,72.47455431667532,22.739913781527626,75.4584296375223,7.021296047654139,89.04055293116855,alfalfa
55.02200859050613,40.67790659558324,90.80632847028383,23.071555373648827,62.404144582411526,6.765582832958606,50.70209453466516,alfalfa
61.732344431222586,70.92567495674686,80.71842110850315,18.48095593168288,67.4347858981266,6.501353625715468,61.992021102609435,alfalfa
75.85834966551722,78.96777775265429,93.88243307935598,15.23594964645529,77.97121209349679,7.283198413298626,81.21504494283921,alfalfa
68.31983036014286,55.92021171818011,72.11662915332771,15.656948589543658,64.56470726987398,6.746603634978024,69.36308278840806,alfalfa
79.89777626386775,58.952393135917866,62.313777977886424,24.57789800988204,78.85448638188225,7.285189543148409,89.65311606256881,alfalfa
71.77929331201051,78.51073401012825,63.02420162467003,18.656807482613715,64.50762536013532,6.69583308413427,55.632117955707045,alfalfa
74.89654566263987,71.2528742298922,83.13193597681442,16.469627095882096,76.22247539866942,7.135954707163728,65.52662824507982,alfalfa
76.96521182144252,50.39619916971331,73.80768833976842,24.174858431319905,65.8100901134284,6.969988268157937,85.60564549584058,alfalfa
78.3088540107011,42.488129046588114,65.89212177115881,15.078415907719169,72.61843580458327,6.947673425410418,55.37099403609102,alfalfa
88.31736484227082,61.186388957824796,69.67573176451558,20.006035711547074,73.59240665470216,6.576239217973565,60.98815260191568,alfalfa
82.27861963535975,58.38659481610645,81.86308568129179,19.328160022094693,60.8779988528601,6.665749779820156,67.82166554967563,alfalfa
58.36741861631711,41.99916114638715,93.74598656207294,24.81192529164116,75.86285747993479,7.353784921704667,59.67908521268181,alfalfa
88.42507902052799,47.87702817813714,98.05719241447329,24.94819293965951,74.23445611492097,7.481143731791822,72.78159118268414,alfalfa
60.38167132704361,57.47983542662483,83.74243741515144,15.73081562027015,72.44686529234492,7.481177836762295,57.60430599134911,alfalfa
83.7778534886515,58.157975875592385,88.87403185640441,29.601356044054473,70.42919277442944,6.965961861987255,87.86551035672194,cotton
64.85014308710886,49.5380021293594,84.36662350744008,22.473403158190834,72.81230367097774,6.499900718569929,58.13498719042829,cotton
76.95255937358269,55.43253821957215,79.97791329071885,20.121031167761075,60.18076938158585,6.035544015955018,96.30970342158909,cotton
66.86030338810826,52.687273777433745,74.4415174138664,23.216699896595486,76.96084179202968,6.59329216340492,54.76996386566053,cotton
72.86106062959301,40.58339527290529,79.61780293206019,26.624340117010682,62.37005247196303,5.933327408363748,69.89183127510785,cotton
87.58593073968149,59.865100308459276,70.89822597991231,27.610079234953922,67.43448132804687,6.08868727934422,87.71324866735114,cotton
87.55279296436225,59.018571890050964,81.54245172076642,23.571211593005028,75.75098171717559,5.87650207489345,78.20370144167589,cotton
70.7573538457462,53.132621474157524,74.80797825787013,21.91592945734826,78.36478173350875,5.652705524424305,75.29789538674657,cotton
66.62558348889027,40.778599266513346,70.72037636582853,21.752217721058273,77.33540709012,5.92371811596554,97.52295852876479,cotton
77.4486687896758,48.732283795375324,81.6017766933891,25.16698385226268,75.17552507514651,5.923744098959278,67.65251958001512,cotton
86.82282907599752,58.929130263008105,87.85116454972949,24.194479939573135,75.60731006013764,6.214503599951648,74.87699260730511,cotton
66.14040327171853,51.82260606517033,73.72271795506695,23.315646990671937,77.1006040323987,5.8106137138162826,53.557914258671644,cotton
62.07022777838449,58.81569041006216,80.1384087592367,24.09412071817018,76.21757162015837,6.753738891865774,66.60955165578022,cotton
80.80854172421385,55.42245631703773,83.0930137373191,21.515950748000993,77.51766167034114,6.308641829104013,64.12362131850018,cotton
72.75684556313081,40.75142180797815,72.55733602444835,27.655467505158608,60.00023269510732,6.124848742723438,76.12550905427942,cotton
61.63903260002917,59.461563259446656,74.52250662499344,23.041987196362808,66.07885024510054,5.845624993176025,50.07369110431557,cotton
81.88034382263989,59.33690999598571,74.4858696657009,26.630471918034225,74.8379265391743,6.772638068635787,71.13145985068046,cotton
69.08792716921288,46.50590268046062,84.25242666197026,28.167794665056363,63.632279355132056,6.0564115122366475,95.0970098374575,cotton
84.20080559084218,59.69716805524952,85.08496519364161,23.931952010279222,71.81275667989276,6.491521381370981,53.922790815856196,cotton
76.33490877311596,54.18641656945219,73.3464260800212,27.80631717425557,71.67545561028223,6.928332678546392,52.12111491034459,cotton
67.959784126664,52.031077585996485,75.93119824411862,27.144241640712423,75.18010565043862,5.653773946099712,75.69272321033839,cotton
75.26671666773167,47.38561540431082,88.65849725139344,28.275063198732212,73.94418763819273,6.571489953602496,73.08580719065596,cotton
87.62983563289728,53.891908545065704,84.57962123311633,28.61690903787345,65.48143178684381,6.710606355800055,59.7620301478246,cotton
70.36025856734663,46.71220908539685,89.57050936778282,28.565372237479266,74.02339723180519,6.590585142423086,78.10363972012856,cotton
88.41272001325558,49.92517505764723,77.6103541973979,21.63035336931591,75.72411304522116,6.601665898113387,69.21775192620674,cotton
60.75580241877688,56.779946554360215,70.22835966908147,27.03699779629051,79.40514219452115,6.156491992222305,61.74867024979764,cotton
81.14613030130145,56.3425628403117,80.92860632155694,29.670352752561463,61.033374433159224,6.257193397456792,85.9226973661275,cotton
85.87921413447538,43.5851122381558,86.00006963527363,25.527070757185452,67.93107363979927,5.69757254286864,93.26478794544562,cotton
64.71819624539145,46.195757184181986,75.80091063924874,28.714140341908543,73.45405988417797,6.695022095787058,62.52339493962495,cotton
78.74622298820996,51.434919662874975,86.65660753576542,29.060870604812607,60.243135429547735,6.5110298785881895,52.59178995598645,cotton
76.46575995232068,45.75265458087357,76.13553199044283,23.529585034523567,72.4258489809922,6.001074948503154,86.63495252951401,cotton
72.13582156721608,41.36706400619917,85.67519684968215,22.85758324592706,68.65533759198526,6.528165824832852,66.6228078574356,cotton
61.69756968440147,47.47842094025627,88.88897165388607,26.41734397298558,73.42958297334414,6.448423230456459,59.94960694797184,cotton
72.5500159230684,55.018795967266364,72.02745795106318,22.778527760897123,65.52638216931707,6.148028391391759,99.01843704710924,cotton
62.025076400514656,50.3740198876119,73.58729364024421,29.706765454097443,62.266070094549285,6.105401503542387,86.89424924173031,cotton
81.13663284082335,48.45457273787865,76.93048335905436,23.976123785528706,65.28552526317279,5.8079994080601995,74.1519848779445,cotton
68.05601268202822,45.749233297945004,83.13512126949114,29.68537331699892,72.0727440111875,5.61546920059745,53.77918069270335,cotton
88.54269662536697,45.94581580614667,71.8413397216495,25.990445871503816,72.47297556580533,6.472757230178033,63.37010139287706,cotton
60.453320526434254,59.30030738908944,75.01786091382205,26.760262880525474,74.13259739757419,6.415011125619229,65.64536971068242,cotton
68.13288761292198,51.95336565405406,87.32191267223382,29.467337289233956,62.118116088075155,5.7322429188965796,97.23681293915399,cotton
82.09605685004378,57.65987649659546,74.05265268270686,25.87585871109402,74.02279188834947,6.520167828170459,70.4075845433349,cotton
60.461846750739255,51.65852113608526,75.06203078359218,24.502542461428902,79.15162030167635,6.098552976463652,91.99008033322133,cotton
65.65621817247754,53.449209960500575,89.54013908877887,21.018931008729368,60.16639884454384,6.150374188948922,54.63127415256836,cotton
82.45153049028694,58.29097327697118,78.68041945417518,22.58711642155441,68.6880663801322,6.585171726775002,50.45270807901855,cotton
77.68361968454091,52.26583369774758,82.7537649379187,22.42022079980877,74.28105446756254,5.637087229497665,59.96351682334004,cotton
86.32410139963446,54.77446301453133,70.2749110802269,22.483762603698004,64.28812965986329,5.906209492055459,62.377988513994325,cotton
61.87578887228537,49.178810331936404,84.6546694957233,26.067317247174365,73.4574333719616,5.621723767804359,97.57453550883936,cotton
85.15475501529075,56.101806369913255,86.45967610083535,29.327105081327613,70.88507932227395,5.800423026801439,80.83918039262706,cotton
82.28644481003818,54.75834786708051,80.4289804833376,20.68458719333578,67.42225876860256,6.881149912695036,79.2224454878713,cotton
76.1499582976714,45.37707028764387,77.36897839833158,28.95346089153169,73.3292609505367,6.6810805401285,72.71727115338275,cotton
78.90741658368474,44.96767217486415,84.10921660566973,24.276013337033373,68.85091029629491,6.473983486865323,96.81403107344633,cotton
61.920190398258626,56.49486474694015,75.84766220824386,24.439194545063778,60.43826657550018,5.95156911675147,75.13156213150653,cotton
61.68528232042317,49.8219145876633,88.54221257716854,21.053932181078054,75.2888145615101,6.114506580063989,82.7586857262169,cotton
67.80709793955688,43.18984525082717,73.20925228542453,20.704919456431448,63.71293409802486,6.496329077483452,94.08453059217541,cotton
84.42377056773486,53.70268619748968,72.20863726822205,22.8918744629595,66.19613750644938,5.874935419596432,75.75028298548615,cotton
76.06661444639018,47.137719503422204,77.07578317472871,28.285555979060813,75.78585696639371,5.961693747521118,95.68942219366296,cotton
88.58445051007519,46.53485084060082,77.0884989758611,25.056341534219587,78.82241625067347,6.814479149713467,55.12839812917949,cotton
71.78192229814249,51.067423794995435,80.06264945103081,21.938630679368927,77.1763354233631,6.515411174495256,91.89541874259018,cotton
85.76292838048417,54.967117073314796,78.78421202499435,26.105467550154245,63.20730812239486,6.510468126212362,58.96266278696404,cotton
80.81848771530471,44.591963215079375,72.35102600300439,21.652844901429575,60.03984270438141,6.578109426780295,86.62005245291896,cotton
75.44800049739779,43.22725602110767,71.67108675021379,20.19128966437287,63.314963539304415,6.83628330247472,62.07684208508409,cotton
70.62813981651647,42.10690968962666,74.44722609496341,25.19224570780205,72.15505366191306,5.868028471249317,52.88660796125586,cotton
71.73098607382195,44.68406741852668,74.39107846459603,29.598628027134552,72.32600971851448,6.3353176647581435,70.78875517616609,cotton
72.86833000290433,50.81810007676162,83.92859614072215,27.021460961818295,63.43387815410899,6.2501691281149405,70.5979047517051,cotton
86.11580898808153,52.628378424367526,80.65008132831963,21.153946421789172,72.11275778646822,5.67580585852035,66.8603287782876,cotton
64.28525894442996,53.84147294048738,74.12504227672305,23.91859373188026,77.91349555237557,5.806474575098456,75.39025319793896,cotton
72.57814983498066,40.3624808209146,85.85516227145625,20.690459063145997,69.48510041953907,6.341017442408425,81.42132283072935,cotton
80.65894887923626,45.065447670454304,70.19957553316898,27.23443662354912,70.71313198695157,6.754176554810873,91.06941814503472,cotton
85.2997850336365,49.7018931995908,76.67256791673731,27.9155820259137,69.02588226058509,5.775163294605152,92.74870097807371,cotton
86.47679630317042,49.3261951228034,71.51399454619575,23.878260899169312,76.07075318925206,6.852661042819343,60.17363712487979,cotton
62.009208360758144,57.54700906265677,77.78809877957751,25.417609642675632,79.36131624101517,5.599847091871334,82.41590037260478,cotton
62.22316267724601,47.50937856933001,86.07629090386894,24.334722327556342,79.943647078059,6.338588927419903,66.05810763179767,cotton
66.6033397771426,47.01041068572324,77.45066547519102,20.68713677723961,67.39148398853547,6.196357779608837,86.13688761194024,cotton
79.70188454164824,54.17531310458308,70.16727363753714,22.17667399580536,73.23368576799713,6.225984052269621,50.2656737834173,cotton
84.13483927295468,55.45619146580675,80.96838325987125,20.66463325776272,75.3303009906517,6.375570381597046,89.09799885789795,cotton
82.5524097718752,56.06004143915674,80.3601613280925,21.40324518193515,73.42314946759377,6.430710677577956,87.11265935995436,cotton
65.09643018152207,43.899503998005784,87.80819034438657,27.49977798452071,78.16456977400645,6.638072981745881,79.8577652995151,cotton
79.62398211083621,57.7825584788002,81.57613509023881,26.323913243283876,63.12953432007201,6.210881830174154,85.81985559790495,cotton
68.12828094949096,44.0450836104907,76.2765361644883,22.415006279928335,64.29825274072792,6.13727626430213,95.3919256941767,cotton
75.21178940216154,43.758407616306464,71.53943338761748,26.961561451379254,67.65597528872776,6.732746419878039,82.97553843203852,cotton
83.88724351624106,45.438920788368975,83.84717844922116,22.640619846937188,78.78136958900583,6.454561422300062,66.2255900087671,cotton
68.08535586876818,43.81853170143287,83.89281917787456,22.18715612997927,71.90606531854978,5.896952540388036,83.09844723969343,cotton
84.44819185621617,55.56050486289306,85.21702661861563,21.877224056922522,61.767698939690376,6.5484232427310785,68.41736068971757,cotton
72.97038679210041,40.62298185586782,75.19152898550098,20.33676403874464,77.58371545202496,5.865095024827796,77.8668584786504,cotton
61.16937961983391,53.33694782611316,76.46054691508188,28.97919186957666,77.76236377868071,5.987935927542622,95.0480447845234,cotton
89.88473020496336,56.508313282478966,86.89742695510458,22.4900873610909,71.53404797715513,5.600883870951051,54.745896841083486,cotton
89.96677836099872,46.532784988518216,84.96367824097693,28.066650530268163,77.16046542014459,6.996442446103234,62.07482426284339,cotton
61.21052480579099,48.22383035989172,72.60161339657894,20.22425889162055,67.20853654282972,6.675607376612854,78.30903456125354,cotton
69.38333967631063,53.08684010985439,74.64036360617621,20.14381446072085,75.28706772872854,6.4356146272960135,88.115131225048,cotton
61.16814050062997,56.74239255661304,82.39052400072606,25.6339535071264,72.49228096229064,6.796649870302546,79.34682532794535,cotton
77.42851139664538,59.81358314131532,85.13460334137136,24.422938054511352,74.14794000065855,6.083845707537683,61.44377312417495,cotton
77.90555630663277,58.56364196227903,88.58279040030925,23.4190527810549,70.5535493244339,5.817453847854792,99.78155547494417,cotton
89.43353723603806,52.990178594148944,86.08828119354946,27.151001612837,71.86316438078936,5.580021995483347,72.73821712763305,cotton
80.24358906502232,53.55063227767369,77.46245236844767,29.416919866580308,63.34714064473562,6.250539169323341,84.54419882754114,cotton
80.91407417675427,52.972779135376314,75.5057642690372,21.56206568686622,72.71880653653422,6.398953174209156,58.96780051446205,cotton
81.1541743671169,49.103439834673125,83.35521183206306,28.373670797701507,63.394568571538464,5.528717301995255,88.95512931978934,cotton
78.29092275457847,53.992791392442435,86.76309949977285,28.028109348245003,79.21840293857649,6.303902618278177,74.42478163299526,cotton
72.0566159967219,43.07382085688409,81.45214465764045,22.770125243259788,78.4261502442595,6.374786206415647,79.64200902540551,cotton
70.6477398263103,41.03978703955415,70.63487530745977,24.233351441531976,61.691307561944754,6.410270433310209,94.04865028198287,cotton
86.48744449556166,53.180908202644645,74.22463662945862,28.62996831358872,77.72186870626416,5.794980377429438,86.87130428853386,cotton
91.46078195708492,64.07920937058789,79.94475799807205,22.30026005329393,87.94731731581864,6.309419693678255,197.3382619164821,rice
98.6003807010571,65.42163791714121,61.24788137196555,25.35279050078296,71.3403307550242,6.767946073522792,181.6973907271837,rice
114.10189684983882,68.13895694301682,61.702069722395706,25.855975925133333,71.42069778088005,5.774031032015037,122.93657770376723,rice
98.76428844190315,48.05686502360928,62.01956213635522,23.674910890941078,72.94551127104182,6.764999837285988,175.92925069184736,rice
118.71045861078248,53.19221459523726,65.56736963325314,29.98293197209187,76.52507836082293,5.889198385816953,123.25059922078312,rice
85.18715912896941,47.69389183050298,67.10639496947775,28.739942081457304,71.25129684438903,5.773659021564946,180.90236402916764,rice
85.87687694335084,50.27935439567565,77.2931784371628,23.549253111434428,71.6547367123638,6.129899393604014,130.24195112785364,rice
102.53633457935416,64.11414671450426,62.742969763054866,27.80699084554285,80.11017520779728,5.68730242181716,162.39984855289825,rice
90.94561671443087,54.635029556320376,61.645446485541235,26.595840572136233,76.12926936085641,6.5690955745409605,105.69787269973683,rice
96.7442909967332,53.752942723943136,74.50012152598238,27.742875750902108,83.34424674388362,6.510164071347283,186.22029736581888,rice
92.55501986889882,56.14068116091709,76.802161568784,31.894511309650564,87.79038622087526,5.982907441411689,119.51665172186505,rice
99.57570149626355,62.249243555081264,69.85138141506596,26.831808633136685,86.76460842163601,5.969824912787342,185.97946748116456,rice
96.27219203806894,49.84699317035018,69.07979822399398,29.624469586748685,72.52004055727988,5.755344980633622,195.1444825663092,rice
87.0196650952543,57.03181953793164,71.58628933323875,26.896244620502447,82.89490497153638,5.798774743536904,155.26622677767483,rice
94.88693020987589,59.850017788875675,62.82447086746299,27.70877416839476,73.70540710766647,5.8622359820495475,121.87098003235832,rice
87.31351119475268,64.77132854682,65.7141513532178,31.271237818644494,89.39853050690382,6.242638610918227,114.30011226657264,rice
94.98192973518326,63.93196790044642,67.3478145739414,22.870172183027886,81.13569821856376,6.598657106944845,179.59263871435024,rice
87.00492560521413,60.182938432374,64.41008526871295,24.182075345521724,87.4814354661037,5.824569638562299,126.32473465180112,rice
80.02613563045199,66.12007102376553,75.8518962641827,28.27328935090678,85.00531527877685,5.69766313765184,145.83235945875754,rice
94.04877549395124,42.813295787710494,69.72260970429848,31.207396503426352,70.80118238101389,5.878899187541932,120.75409362057034,rice
89.52586614662785,67.25303655638126,69.3613810846858,26.662994129398186,85.21151284910565,5.700839865206404,148.72653541000508,rice
97.19940856484239,57.90732071639968,79.99115406500877,29.69448894082047,77.95731406034855,6.575818967956261,117.07083633124802,rice
81.21854745235841,46.133451173928194,66.80823112228519,27.105807574595598,82.30258281082399,6.6837874323787485,150.98540095504578,rice
100.05102578502917,41.50729029468946,60.69823105312447,27.51159961916372,78.76357226496688,6.590934513474388,116.06795847118451,rice
80.99886648468198,53.47116303790378,64.74957113504514,22.496143733388376,84.49196573695258,5.645070899944422,160.83195000077717,rice
91.24199000667556,45.20488151065066,67.59503045838635,30.014457762229537,77.84187153809145,6.476000543974372,112.54862967991507,rice
110.91085678660316,47.10799974719946,73.54786259777745,27.657815548409964,88.58289434423375,6.003519273367909,106.61651888344404,rice
80.76621942205011,64.8057568291826,70.49471275322864,29.752440518349495,74.68851200023029,5.948608869167204,103.0103872211319,rice
118.45969298296448,60.0360372010244,78.66410175518612,24.654964074290724,82.22927222451321,6.382049958780429,131.75497002575884,rice
113.92436940062521,68.41484388700744,77.69710235392009,29.390669759393724,75.54929359449908,5.866100854737321,196.3360320446038,rice
80.41137983742769,61.481499197264334,74.12492325110524,28.226895409497974,89.80217692173731,5.905443266492843,133.99718637932483,rice
83.15757611786222,53.283944096312126,65.22097052469697,25.433867021776443,86.69143580511255,6.716129867585744,118.57330720051857,rice
94.90035726213864,67.85891686346181,61.23616921378445,22.923605281113787,73.25581978412458,6.273776684364937,115.04722710059974,rice
118.72305525802935,53.40143581775561,70.03035920700333,24.466586158054064,79.41920504869466,6.360487722428115,175.1177136954043,rice
110.15472330839651,57.33673338082265,78.08719549987714,30.174078473061094,85.1409622939725,5.572287178184599,100.68779622196493,rice
88.49789108781891,59.90570781740357,68.22394977765092,26.02406259299312,87.69173776459228,6.66423170257139,190.91752640535856,rice
92.55512306060109,60.73167438217786,65.4326636254874,23.9060983307445,73.69264914694739,5.944739907122672,142.99576197798217,rice
113.23796684220274,43.596732804181364,74.69851694789789,27.314549141893053,75.75890685351985,6.140665459892672,129.99420697770228,rice
103.84327820953224,53.01531768565732,63.28811058157758,23.165830745556967,80.9339136414426,6.673136943271935,134.39576865576856,rice
109.32000428890493,59.759840648193006,78.63109828618963,30.20981017299141,81.33210517810926,6.354139647704339,189.8386466584035,rice
95.9807513834774,49.803841175733325,60.216221672703924,30.265510741914643,86.0196140080673,5.635790873530197,157.68573811327002,rice
98.55926792667549,43.561272865273345,79.61136454121447,24.146958874633555,71.34468360181123,6.273301593352483,173.88666771330327,rice
81.29773784188748,59.761529161810664,70.64583751902909,23.032650088750483,73.45047753892725,6.238366586510905,129.63576135132882,rice
117.53262914605264,64.56220688452152,79.67134413027327,24.59670838950414,89.39447265595953,6.060604030729025,134.75187953137547,rice
82.01398107877412,41.58295773578808,73.84022511893309,26.579289944340278,74.53043252072212,6.298161398222803,125.28581182501111,rice
103.1052701737769,50.77626240948071,76.47104453223638,30.206961607667793,79.54700796244802,5.95606484213552,136.25597965590947,rice
112.22858102672872,49.845384483928356,64.18118747413692,22.84688341875307,79.33386241768817,6.126771728595794,184.09087104029072,rice
88.84954785784257,51.429738210051994,76.16811477787383,30.236236107489734,77.69222151957537,6.096861230272685,130.3285890849283,rice
117.30219513677248,43.55931297224741,78.6749884600294,28.838664518353433,80.63144305373463,5.542456779019845,147.55961918220083,rice
96.3099242001093,44.83656435925368,73.12819207001314,31.71150907368286,81.2437762212905,6.429179259377129,106.84504525660168,rice
96.70667983267978,43.490754554934874,72.2559167107302,31.384821582141548,83.23555464943277,5.599843962808748,135.4666204985083,rice
102.02653517763406,52.09623268399757,76.67288020950345,30.146710047099894,82.23662040206443,5.985495328672517,125.5336373763244,rice
84.23497272852518,50.646930504596625,68.26345034415439,28.758229251040735,83.16319648595147,5.591140581533634,139.52593154311577,rice
87.27115468869448,44.70438115950417,76.54604299474492,22.419152167162576,78.38365751804243,5.7186647524964735,187.9330215678474,rice
102.28162053100141,46.94141909130544,70.04854574332752,29.314863597031156,89.16236017838867,5.786579805519045,188.6181772129345,rice
117.37216456669961,67.49261633596198,72.7082871372382,28.298206544347078,78.06421266367646,6.478117246994924,153.12940183509318,rice
107.09752284913178,52.853737115463865,74.62992928086278,30.24471517604549,72.92872513205633,6.582808630246497,154.02965317903073,rice
113.78663636360898,52.93905119023044,67.5808097076607,31.150607325172224,75.02338535096803,6.5974760228719855,148.4020572509404,rice
100.56381770205039,49.25404844468452,71.4608440123803,25.252111962762115,70.78538828483305,5.8535981869476625,100.63790434065906,rice
119.13419148227428,68.97241629459242,67.9031059494461,29.28370854339646,76.9161219682085,6.372421104211769,180.5430043045979,rice
117.87024978768963,52.00636827549016,75.66595965912096,24.65928450632119,89.80664607587296,5.533500478393656,160.3528806501121,rice
106.38023926605308,60.64136671222386,62.40775157578178,31.385297834731304,73.62366558100166,6.309579424211793,122.26760791230849,rice
92.28865668085083,56.393756251843726,68.34386837129153,23.602256009765064,73.41872804841697,6.043588224611639,175.72829782755008,rice
115.91858587391154,42.52382986778149,67.86207815118802,23.002455637228767,70.33184961265195,6.360234287437144,160.24494419665876,rice
86.52076455259545,47.014384992791925,60.47415507289037,30.349472056944037,89.49381192097103,5.676097397833098,123.14752137652981,rice
114.73638095787736,67.79391393868555,68.3925476561362,22.506224722690742,70.78783667385639,6.246134825889714,139.2895108893179,rice
81.14609710310619,57.497571769376705,60.22605073178045,29.87371958149273,76.12865645406742,5.552335403912002,158.83522209831534,rice
95.90737657732218,69.21401240071448,70.88397325007405,24.75239181037008,84.18877729267949,5.852939603305525,190.42432914075653,rice
94.98887882029506,56.49605688328616,61.01146207648458,26.261212379522306,86.6472707932199,6.547343446972344,122.43185588535263,rice
89.04316284042251,64.5191593663971,78.60796840338651,22.953609212730036,79.0011727885245,5.938690562653497,187.06884554574395,rice
83.34099658720075,46.33377827674112,75.04936675172989,22.512938489812157,79.85070761428578,6.074739145083636,133.44011789887486,rice
95.78289261275695,55.898217607906986,63.22734716776766,27.719958782835928,86.10864658599972,6.4882092087272065,115.38999046937737,rice
85.96997878965895,48.0452310323474,67.22149452682075,26.084555814084826,83.59394433666691,5.573684561815586,103.46727042260665,rice
95.67642251775636,60.914910764139414,63.86870685912965,28.415044812562517,75.19656275880598,6.651911941457572,189.56899442666165,rice
91.89148817125306,46.899812618897215,68.22607944132463,24.405315851801486,83.44767686583407,6.573884089912771,167.3092130911217,rice
112.97401788997398,51.90976486622422,63.12633941417722,29.379509473975922,77.20949010283108,6.372652072797872,127.06439419817656,rice
83.24918539226691,69.7774538646329,63.12403015861199,31.88420993963481,89.54559865132894,6.531963535080451,165.94229620819976,rice
103.11228201004339,65.98304636133504,65.78879043238976,26.67681212484877,82.38779938733003,6.034547618630338,142.7486454090268,rice
93.21138670008338,56.926954500536084,77.01149056030232,24.01528378006313,88.68866077506883,6.395813949872698,182.327321268003,rice
102.24762770520047,63.385501042721906,60.324007946789344,30.18380424779535,70.80277718170733,6.656887389271721,199.19627472386435,rice
91.7626984870711,46.30955668857381,75.30726727716082,24.530263409202533,87.31124766344408,5.63369536980472,112.59551963793582,rice
119.16606220402463,60.21516694810014,76.93774448857906,25.24329377351518,83.52967499041209,6.272514375501176,160.3150120122947,rice
107.30129838150887,57.26077519387296,68.58124738605332,24.75922694380547,85.37162661826405,5.794154159004142,169.23543061544143,rice
89.33331290597306,58.75990509863362,74.94156534258057,24.18713888906539,71.19886601722617,5.670265865892426,160.59969672710255,rice
113.97785624902943,41.34990463706273,74.68302518083293,25.413186459500523,79.57056739839045,6.707517414799235,133.19715047358454,rice
98.61347735757944,40.410472442820435,61.631974400096766,24.58591591134784,70.5570448164215,6.320787923862726,142.63983568016226,rice
101.92580810912088,45.23941557688988,65.91864058873232,28.63824474852725,89.306054472608,5.565541805682872,189.0384320855266,rice
103.07524805244833,56.91758700266871,70.0055707041552,22.693940859041835,71.79753703472322,6.281185607356812,134.09585714355583,rice
116.69072266310722,52.197716120784165,62.86562917405282,29.14718833502036,75.8670684288202,6.1831113995626605,169.783278550517,rice
116.01056444808282,63.76573584405028,73.52722135745448,28.796331823951434,88.91849288064174,5.884571326745497,100.11120941961875,rice
90.87818237592795,46.53674138880232,73.23669170227996,28.33711599765529,81.86922765409447,5.52111647617229,172.87780544506475,rice
92.94121649941965,59.95167967019893,71.13156857004307,25.427309254279074,72.69152534208216,5.622744566958625,183.15183331122236,rice
116.73590168326231,59.493641402928986,62.06868229720967,26.020272168882407,84.57878400210315,6.513767149213089,111.82186222910886,rice
80.0012287538153,61.36411137641815,67.13192351972411,24.5448133161826,70.2579493957905,6.20238922878995,185.11507354259817,rice
118.30526585090351,56.972348518398675,70.28922655479788,22.85056385489241,80.977456030852,5.993972802655013,160.7135280883577,rice
95.54905391506188,47.208973703511006,61.89930550456753,25.149184445888956,71.93289668575504,5.729966036071179,198.7336158579546,rice
97.76414227626475,55.9561529951505,77.4723705747443,31.95568900490688,81.65428898689363,6.5562159673574225,132.69410243366752,rice
92.22975829789165,52.081111629836805,73.45014525347298,28.821916892550988,76.30478869298902,5.673172901377617,163.23962564655085,rice
85.13303448755057,57.3547752468799,73.86844256112619,29.006114963944515,85.06944221319193,6.634717248035364,149.99589919647883,rice
109.20996758118285,58.5751820609751,63.73279879595365,22.256896448694082,75.69082771353868,6.075943818238905,161.7105944428656,rice
